<?xml version="1.0"?>

<faces-config
	version="2.1"
	xmlns="http://java.sun.com/xml/ns/javaee"
	xmlns:xsi="http://www.w3.org/2001/XMLSchema-instance"
	xsi:schemaLocation="http://java.sun.com/xml/ns/javaee http://java.sun.com/xml/ns/javaee/web-facesconfig_2_1.xsd"
>
	<application>
		<locale-config>
			<default-locale>pt_BR</default-locale>
			<supported-locale>en_US</supported-locale>
		</locale-config>
		<resource-bundle>
			<base-name>messages</base-name>
			<var>msg</var>
		</resource-bundle>
	</application>
	<lifecycle>
		<phase-listener>com.liferay.faces.util.lifecycle.DebugPhaseListener</phase-listener>
	</lifecycle>
</faces-config>